"","Mice","Number","Mouse_ID","Strain","sex","DOB","parents","Western_Diet","Sac_Date","weight_g","length_cm","ab_fat","other_fat","total_fat","comments","X100xfat_weight","Trigly","Total_Chol","HDL_Chol","UC","FFA","Glucose","LDL_plus_VLDL","MCP_1_phys","Insulin_ug_l","Glucose_Insulin","Leptin_pg_ml","Adiponectin","Aortic.lesions","Note","Aneurysm","Aortic_cal_M","Aortic_cal_L","CoronaryArtery_Cal","Myocardial_cal","BMD_all_limbs","BMD_femurs_only","Treatment"
"248","F2_66",66,"178-4","BxH ApoE-/-, F2",2,"2001-12-07",112,"2002-02-01","2002-05-17",38.9,9.8,1.59,4.21,5.8,"66-67 muscle",14.9100257069409,98,2014,36,695,131,568,1978,154.75,1343,0.422933730454207,84800,10.305,114500,NA,23,6,0,NA,NA,NA,NA,"A"
"250","F2_68",68,"180-1","BxH ApoE-/-, F2",2,"2001-12-10",111,"2002-02-01","2002-05-17",32,9.9,1.54,2.75,4.29,NA,13.40625,70,1391,30,568,144,472,1361,114.75,911,0.518111964873765,24720,9.374,274750,NA,39,15,21,NA,NA,NA,NA,"A"
"251","F2_69",69,"180-2","BxH ApoE-/-, F2",2,"2001-12-10",111,"2002-02-01","2002-05-17",34.9,9.9,1.6,3.22,4.82,NA,13.810888252149,80,829,59,230,60,292,770,91.028,560,0.521428571428571,46340,6.85,109250,NA,12,2,3,NA,NA,NA,NA,"A"
"252","F2_70",70,"180-3","BxH ApoE-/-, F2",2,"2001-12-10",111,"2002-02-01","2002-05-17",23.9,9.8,0.53,1.4,1.93,"black, malocclusion?",8.07531380753138,80,857,36,364,110,426,821,125.6,420,1.01428571428571,6560,8.827,470500,NA,4,0,17,NA,NA,NA,NA,"A"
"253","F2_71",71,"181-1","BxH ApoE-/-, F2",2,"2001-12-10",111,"2002-02-01","2002-05-17",40.9,10,NA,4.66,NA,NA,NA,38,1895,38,649,112,497,1857,169.296,NA,NA,NA,NA,271750,NA,5,4,3,NA,NA,NA,NA,"A"
"254","F2_72",72,"181-2","BxH ApoE-/-, F2",2,"2001-12-10",111,"2002-02-01","2002-05-17",30.9,9.7,1.67,2.43,4.1,"malocclusion?",13.2686084142395,44,840,29,312,74,367,811,154.896,599,0.612687813021703,37800,9.239,422250,NA,3,0,0,NA,NA,NA,NA,"A"
"260","F2_78",78,"198-2","BxH ApoE-/-, F2",2,"2001-12-28",110,"2002-02-26","2002-06-19",37.1,10,1.79,2.19,3.98,"yellow liver",10.7277628032345,108,1112,25,436,126,436,1087,123.392,1166,0.373927958833619,20900,5.767,86000,NA,6,4,0,NA,NA,NA,NA,"A"
"261","F2_79",79,"198-3","BxH ApoE-/-, F2",2,"2001-12-28",110,"2002-02-26","2002-06-19",38.7,11,2.68,2.34,5.02,NA,12.9715762273902,63,1146,43,384,108,435,1103,117.01,1647,0.264116575591985,33620,4.676,316500,NA,0,2,11,NA,NA,NA,NA,"A"
"262","F2_80",80,"198-4","BxH ApoE-/-, F2",2,"2001-12-28",110,"2002-02-26","2002-06-19",42.7,10.5,4.1,4.74,8.84,"white liver",20.7025761124122,41,1382,26,505,96,394,1356,110.806,3239,0.121642482247607,66480,4.82,197500,NA,18,0,0,NA,NA,NA,NA,"A"
"263","F2_81",81,"199-1","BxH ApoE-/-, F2",2,"2001-12-28",110,"2002-02-26","2002-06-19",33.7,10.2,1.86,2.38,4.24,"muscle switched w 82",12.5816023738872,77,1063,27,403,102,355,1036,81.628,1549,0.229180116204003,47660,6.102,291000,NA,52,10,0,NA,NA,NA,NA,"A"
"265","F2_83",83,"199-3","BxH ApoE-/-, F2",2,"2001-12-28",110,"2002-02-26","2002-06-19",39,10.5,3.93,2.18,6.11,"white liver",15.6666666666667,47,1726,39,591,130,522,1687,91.788,1118,0.46690518783542,63940,7.111,423750,NA,32,4,8,NA,NA,NA,NA,"A"
"107","F2_86",86,"201-1","BxH ApoE-/-, F2",2,"2002-01-01",112,"2002-02-26","2002-06-19",34.8,10,2.01,1.9,3.91,NA,11.235632183908,88,998,60,331,88,334,938,125.6,2457,0.135938135938136,35500,3.765,186750,NA,0,0,4,NA,NA,NA,NA,"A"
"108","F2_87",87,"201-2","BxH ApoE-/-, F2",2,"2002-01-01",112,"2002-02-26","2002-06-19",32.5,10.5,1.51,1.57,3.08,NA,9.47692307692308,36,753,53,232,68,265,700,92.962,766,0.345953002610966,16140,2.914,167250,NA,0,0,1,NA,NA,NA,NA,"A"
"109","F2_88",88,"201-3","BxH ApoE-/-, F2",2,"2002-01-01",112,"2002-02-26","2002-06-19",46,10.8,4.11,2.87,6.98,NA,15.1739130434783,55,1016,46,368,99,400,970,143.192,2852,0.140252454417952,87360,5.302,247250,NA,12,7,0,NA,NA,NA,NA,"A"
"110","F2_89",89,"201-4","BxH ApoE-/-, F2",2,"2002-01-01",112,"2002-02-26","2002-06-19",28.3,9.5,1.09,1.06,2.15,"slight malocclusion",7.59717314487633,56,1162,26,468,137,410,1136,83.746,NA,NA,17720,8.644,299500,NA,69,10,0,NA,NA,NA,NA,"A"
"126","F2_107",107,"219-1","BxH ApoE-/-, F2",2,"2002-01-14",166,"2002-03-12","2002-07-31",43.6,10.3,3.47,2.58,6.05,NA,13.8761467889908,76,1306,37,380,82,308,1269,110.384,627,0.491228070175439,59040,9.962,171625,NA,32,4,2,0,0,0.0605,0.08685,"A"
"127","F2_108",108,"219-2","BxH ApoE-/-, F2",2,"2002-01-14",166,"2002-03-12","2002-07-31",40.6,10.7,3.96,2.45,6.41,NA,15.7881773399015,25,850,21,289,64,337,829,184.16,517,0.65183752417795,85320,17.756,329000,NA,0,0,0,0,0,0.0518,0.06755,"A"
"128","F2_109",109,"219-3","BxH ApoE-/-, F2",2,"2002-01-14",166,"2002-03-12","2002-07-31",43.6,10.3,2.96,3.19,6.15,NA,14.105504587156,50,812,62,263,67,290,750,89.994,954,0.30398322851153,85400,8.795,151750,NA,0,0,7,0,0,0.0587,0.08275,"A"
"129","F2_110",110,"219-4","BxH ApoE-/-, F2",2,"2002-01-14",166,"2002-03-12","2002-07-31",37.1,10.3,2.57,2.07,4.64,"aorta switched w/111",12.5067385444744,96,1617,46,558,102,435,1571,113.762,414,1.05072463768116,54560,15.256,385500,NA,40,14,0,0,0,0.0526,0.07265,"A"
"130","F2_111",111,"254-1","BxH ApoE-/-, F2",2,"2002-01-22",111,"2002-03-29","2002-07-31",33.8,10,1.28,1.53,2.81,NA,8.31360946745562,36,1392,38,491,87,364,1354,102.542,1027,0.354430379746835,44512.9,9.229,279250,NA,38,8,0,2,0,0.0583,0.07975,"A"
"131","F2_112",112,"254-2","BxH ApoE-/-, F2",2,"2002-01-22",111,"2002-03-29","2002-07-31",26.8,10.5,0.41,0.58,0.99,"oversized spleen",3.69402985074627,709,1296,24,420,79,361,1272,222.52,610,0.591803278688525,6317.96,8.564,18000,NA,0,0,0,NA,NA,0.06,0.0832,"A"
"136","F2_117",117,"245-1","BxH ApoE-/-, F2",2,"2002-02-09",110,"2002-04-16","2002-08-06",38,10.2,NA,2.55,NA,NA,NA,64,1236,38,471,127,409,1198,169.444,468,0.873931623931624,79249.46,15.794,475000,NA,63,4,0,0,0,0.0545,0.0765,"A"
"138","F2_119",119,"245-3","BxH ApoE-/-, F2",2,"2002-02-09",110,"2002-04-16","2002-08-06",40.3,10.2,2.85,3.35,6.2,NA,15.3846153846154,96,1113,38,387,87,406,1075,93.722,583,0.696397941680961,54318.48,9.438,485500,NA,18,2,15,0,0,0.054,0.07345,"A"
"144","F2_125",125,"248-1","BxH ApoE-/-, F2",2,"2002-02-11",111,"2002-04-16","2002-08-06",44.1,10.4,3.5,2.67,6.17,"large spleen",13.9909297052154,157,1656,33,580,126,590,1623,154.896,1233,0.478507704785077,104954.62,8.893,217500,NA,60,2,0,0,0,0.0591,0.086,"A"
"145","F2_126",126,"248-2","BxH ApoE-/-, F2",2,"2002-02-11",111,"2002-04-16","2002-08-06",43.1,10.4,3.47,3.92,7.39,NA,17.1461716937355,124,1263,37,484,126,440,1226,149.144,NA,NA,NA,NA,137750,NA,34,7,0,0,0,0.0575,0.0822,"A"
"146","F2_127",127,"248-3","BxH ApoE-/-, F2",2,"2002-02-11",111,"2002-04-16","2002-08-06",33.4,9.9,1.98,2.17,4.15,NA,12.4251497005988,84,1609,28,644,139,498,1581,173.292,457,1.08971553610503,111464.32,11.32,201750,NA,13,0,7,0,0,0.0523,0.07635,"A"
"160","F2_141",141,"258-1","BxH ApoE-/-, F2",2,"2002-02-25",230,"2002-04-22","2002-08-14",36,10.2,2.31,1.41,3.72,NA,10.3333333333333,60,1023,36,397,99,354,987,109.12,675,0.524444444444444,57056.54,11.901,298000,NA,24,3,0,0,3,0.055,0.0744,"A"
"161","F2_142",142,"258-2","BxH ApoE-/-, F2",2,"2002-02-25",230,"2002-04-22","2002-08-14",24.5,9.9,0.4,0.25,0.65,NA,2.6530612244898,38,942,27,405,95,324,915,132.174,728,0.445054945054945,9874.4,13.683,211500,NA,0,0,0,0,0,0.0537,0.07405,"A"
"162","F2_143",143,"258-3","BxH ApoE-/-, F2",2,"2002-02-25",230,"2002-04-22","2002-08-14",43.1,10.5,3.23,1.55,4.78,NA,11.0904872389791,63,1148,39,515,125,494,1109,161.194,5353,0.09228470016813,264299.2,12.369,291000,NA,0,0,1,0,0,0.0534,0.0684,"A"
"163","F2_144",144,"258-4","BxH ApoE-/-, F2",2,"2002-02-25",230,"2002-04-22","2002-08-14",NA,NA,1.52,0.98,2.5,NA,NA,29,1065,38,431,83,382,1027,130.456,409,0.93398533007335,23376.76,16.333,212750,NA,0,0,0,0,2,0.0578,0.0791,"A"
"164","F2_145",145,"258-5","BxH ApoE-/-, F2",2,"2002-02-25",230,"2002-04-22","2002-08-14",NA,NA,1.98,1.89,3.87,NA,NA,36,1105,27,453,113,388,1078,112.564,569,0.681898066783831,121757.76,14.544,375750,NA,27,3,0,0,0,0.0519,0.06535,"A"
"310","F2_154",154,"261-1","BxH ApoE-/-, F2",2,"2002-02-25",231,"2002-04-22","2002-08-14",42.9,10.4,2.75,2.54,5.29,NA,12.3310023310023,88,824,50,321,92,354,774,157.904,509,0.695481335952849,103567.76,8.128,77500,NA,16,7,0,0,9,0.0574,0.07695,"A"
"311","F2_155",155,"261-2","BxH ApoE-/-, F2",2,"2002-02-25",231,"2002-04-22","2002-08-14",31.8,10.2,1.55,1.55,3.1,NA,9.74842767295597,45,1075,43,419,91,321,1032,76.182,439,0.73120728929385,48186.02,12.619,104750,NA,6,0,0,0,0,0.0597,0.08185,"A"
"312","F2_156",156,"261-3","BxH ApoE-/-, F2",2,"2002-02-25",231,"2002-04-22","2002-08-14",40.9,10.6,3.01,2.84,5.85,NA,14.3031784841076,95,1016,44,378,105,385,972,134.48,615,0.626016260162602,80302.36,5.958,199750,NA,3,2,0,0,0,0.0563,0.07855,"A"
"313","F2_157",157,"261-4","BxH ApoE-/-, F2",2,"2002-02-25",231,"2002-04-22","2002-08-14",22.2,9.8,0.15,0.39,0.54,NA,2.43243243243243,44,403,44,153,45,227,359,84.388,407,0.557739557739558,3662.48,7.541,264000,NA,0,0,0,0,0,0.0565,0.07895,"A"
"318","F2_162",162,"263-1","BxH ApoE-/-, F2",2,"2002-02-25",227,"2002-04-22","2002-08-19",44.6,10,2.74,2.3,5.04,NA,11.3004484304933,139,1842,47,636,136,453,1795,305.196,625,0.7248,125457.98,3.737,183750,NA,16,7,0,0,0,0.0522,0.0694,"A"
"319","F2_163",163,"263-2","BxH ApoE-/-, F2",2,"2002-02-25",227,"2002-04-22","2002-08-19",53.1,10.7,6.58,3.77,10.35,"large spleen",19.4915254237288,113,1909,24,725,156,589,1885,155.714,1370,0.42992700729927,152968.96,5.875,247750,NA,5,0,0,0,0,0.0529,0.077,"A"
"320","F2_164",164,"263-3","BxH ApoE-/-, F2",2,"2002-02-25",227,"2002-04-22","2002-08-19",52.7,10.8,5.81,4.17,9.98,"slightly large spleen",18.9373814041746,98,1356,42,456,93,448,1314,135.602,2677,0.167351512887561,98773.12,3.951,183250,NA,12,3,0,0,0,0.0571,0.0835,"A"
"321","F2_165",165,"263-4","BxH ApoE-/-, F2",2,"2002-02-25",227,"2002-04-22","2002-08-19",54.1,10.5,5.72,4.02,9.74,NA,18.003696857671,55,1263,56,370,80,338,1207,130.586,465,0.726881720430108,26971.26,4.7,478750,NA,0,3,16,0,0,0.0564,0.0797,"A"
"322","F2_166",166,"266-1","BxH ApoE-/-, F2",2,"2002-02-28",232,"2002-04-22","2002-08-19",32.1,9.9,1.76,1.7,3.46,NA,10.7788161993769,27,994,28,367,82,393,966,206.668,1733,0.226774379688402,181193.08,5.99,181250,NA,4,2,0,0,28,0.0565,0.081,"A"
"323","F2_167",167,"266-2","BxH ApoE-/-, F2",2,"2002-02-28",232,"2002-04-22","2002-08-19",29.4,10.7,1.6,1.8,3.4,NA,11.5646258503401,11,729,30,328,93,274,699,207.074,326,0.840490797546012,20350.54,4.418,240500,NA,7,9,0,0,2,0.0523,0.0706,"A"
"325","F2_169",169,"266-4","BxH ApoE-/-, F2",2,"2002-02-28",232,"2002-04-22","2002-08-19",33.9,10.1,1.48,1.9,3.38,NA,9.97050147492625,42,1051,53,350,84,331,998,102.328,613,0.539967373572594,47425.36,7.76,350250,NA,0,0,10,0,0,0.0624,0.0912,"A"
"176","F2_180",180,"270-1","BxH ApoE-/-, F2",2,"2002-02-28",235,"2002-04-22","2002-08-19",41.8,10.2,2.63,2.79,5.42,NA,12.9665071770335,85,1078,46,384,93,413,1032,93.966,1294,0.319165378670788,121768.04,10.074,210250,NA,0,0,0,0,0,0.0593,0.08635,"A"
"269","F2_181",181,"270-2","BxH ApoE-/-, F2",2,"2002-02-28",235,"2002-04-22","2002-08-19",31.2,10.2,1.34,1.15,2.49,NA,7.98076923076923,74,1353,52,370,60,339,1301,155.822,385,0.88051948051948,36938.46,7.249,342500,NA,36,4,0,0,0,0.0549,0.07915,"A"
"270","F2_182",182,"270-3","BxH ApoE-/-, F2",2,"2002-02-28",235,"2002-04-22","2002-08-19",36,10.1,2.96,2.01,4.97,NA,13.8055555555556,40,1026,62,286,53,341,964,68.874,454,0.751101321585903,58917.6,8.2,163000,NA,0,0,0,0,0,0.0543,0.0719,"A"
"275","F2_187",187,"272-1","BxH ApoE-/-, F2",2,"2002-03-01",228,"2002-04-29","2002-08-21",40.9,10.3,3.04,2.43,5.47,"brain switch 186",13.3740831295844,79,1169,60,415,98,402,1109,112.106,2243,0.179224253232278,110412.14,8.23,184000,NA,0,0,0,0,0,0.0561,0.0832,"A"
"276","F2_188",188,"272-2","BxH ApoE-/-, F2",2,"2002-03-01",228,"2002-04-29","2002-08-21",31.5,10.4,1.06,1.38,2.44,NA,7.74603174603175,56,1011,38,349,84,326,973,110.698,733,0.44474761255116,38630.06,11.512,203250,NA,16,3,0,3,12,0.0582,0.0717,"A"
"277","F2_189",189,"272-3","BxH ApoE-/-, F2",2,"2002-03-01",228,"2002-04-29","2002-08-21",36.4,10.5,2.08,2.16,4.24,NA,11.6483516483517,64,1008,48,347,96,399,960,68.598,534,0.747191011235955,72381.04,10.741,218000,NA,20,6,0,0,0,0.0546,0.08255,"A"
"278","F2_190",190,"272-4","BxH ApoE-/-, F2",2,"2002-03-01",228,"2002-04-29","2002-08-21",41.4,10.5,3.6,2.14,5.74,NA,13.8647342995169,52,1694,50,623,116,416,1644,105.68,2519,0.165144898769353,198754.98,30.108,422000,NA,25,3,0,0,0,0.0565,0.0825,"A"
"279","F2_191",191,"272-5","BxH ApoE-/-, F2",2,"2002-03-01",228,"2002-04-29","2002-08-21",40.9,10.4,3.2,2.5,5.7,NA,13.9364303178484,256,1538,46,565,130,511,1492,104,2935,0.174105621805792,130294.1,8.401,144000,NA,0,0,0,9,5,0.0555,0.0787,"A"
"280","F2_192",192,"273-1","BxH ApoE-/-, F2",1,"2002-03-01",229,"2002-04-29","2002-08-21",41.4,10.2,2.9,2.01,4.91,NA,11.8599033816425,69,1035,41,338,77,291,994,105.55,1236,0.235436893203884,117591.48,7.249,199000,NA,22,4,0,0,0,0.0583,0.08655,"A"
"282","F2_194",194,"273-3","BxH ApoE-/-, F2",1,"2002-03-01",229,"2002-04-29","2002-08-21",38,10.3,2.68,2.04,4.72,NA,12.4210526315789,47,1296,40,483,113,445,1256,85.032,670,0.664179104477612,61364.68,9.179,249250,NA,32,3,0,0,0,0.0577,0.0812,"A"
"283","F2_195",195,"273-4","BxH ApoE-/-, F2",1,"2002-03-01",229,"2002-04-29","2002-08-21",25.3,10.2,0.17,0.15,0.32,NA,1.26482213438735,66,1356,23,487,94,334,1333,105.422,273,1.22344322344322,2492.7,6.28,98000,NA,15,13,0,0,0,0.0556,0.07905,"A"
"288","F2_200",200,"275-1","BxH ApoE-/-, F2",2,"2002-03-04",112,"2002-04-29","2002-08-21",45.6,10.8,3.8,2.55,6.35,"aorta broke",13.9254385964912,204,1218,33,512,159,478,1185,86.164,1573,0.303877940241577,158479.3,10.062,160750,NA,33,7,0,0,0,0.063,0.0935,"A"
"289","F2_201",201,"275-2","BxH ApoE-/-, F2",2,"2002-03-04",112,"2002-04-29","2002-08-21",50.1,10.7,5.07,3.58,8.65,"aorta broke",17.2654690618762,136,1472,39,483,94,373,1433,121.91,5105,0.0730656219392752,311297.8,NA,222250,NA,16,5,0,0,0,0.0569,0.0792,"A"
"204","F2_212",212,"277-2","BxH ApoE-/-, F2",2,"2002-03-04",226112,"2002-04-29","2002-08-27",35.4,9.8,2.31,2.34,4.65,"kidney/spleen in 213? DNAs corrected",13.135593220339,67,1604,26,600,138,393,1578,143.988,547,0.718464351005484,61563.78,20.195,390000,NA,28,2,0,0,0,0.0542,0.0782,"A"
"205","F2_213",213,"277-3","BxH ApoE-/-, F2",2,"2002-03-04",226112,"2002-04-29","2002-08-27",39.6,10.3,3.39,2.35,5.74,"kidney/spleen in 214? DNAs corrected",14.4949494949495,462,1691,28,652,198,727,1663,134.378,1129,0.643932683790965,41969.9,9.13,144750,NA,0,0,0,2,7,0.0545,0.0825,"A"
"292","F2_214",214,"277-4","BxH ApoE-/-, F2",2,"2002-03-04",226112,"2002-04-29","2002-08-27",31,9.7,1.67,1.5,3.17,"kidney/spleen in 212 DNAs corrected",10.2258064516129,59,1066,15,464,139,364,1051,136.756,466,0.781115879828326,23191.36,8.391,666750,NA,68,0,0,0,0,0.0508,0.0671,"B"
"291","F2_215",215,"277-5","BxH ApoE-/-, F2",2,"2002-03-04",226112,"2002-04-29","2002-08-27",46.3,10.4,2.05,2.56,4.61,NA,9.95680345572354,47,1465,29,531,119,478,1436,142.37,6906,0.0692151752099624,108934.78,8.239,282750,NA,25,4,0,0,0,0.0595,0.0851,"B"
"298","F2_221",221,"280-1","BxH ApoE-/-, F2",2,"2002-03-09",109,"2002-04-29","2002-08-27",43.3,10.1,4.41,2.7,7.11,NA,16.4203233256351,55,1501,27,587,129,414,1474,112.426,977,0.42374616171955,163032.58,9.376,261500,NA,31,13,0,4,0,0.0548,0.08405,"B"
"299","F2_222",222,"280-2","BxH ApoE-/-, F2",2,"2002-03-09",109,"2002-04-29","2002-08-27",NA,NA,2.8,2.69,5.49,NA,NA,25,1100,27,442,87,385,1073,78.584,582,0.661512027491409,111583.74,8.583,470000,NA,22,9,6,0,23,0.057,0.08135,"B"
"300","F2_223",223,"280-3","BxH ApoE-/-, F2",2,"2002-03-09",109,"2002-04-29","2002-08-27",36.2,10.2,2.18,2.55,4.73,NA,13.0662983425414,60,1188,31,413,101,370,1157,119.248,1151,0.321459600347524,56629.96,5.309,NA,NA,NA,NA,NA,0,0,0.0567,0.08315,"B"
"301","F2_224",224,"280-4","BxH ApoE-/-, F2",2,"2002-03-09",109,"2002-04-29","2002-08-27",37.3,10,3.07,2.36,5.43,NA,14.5576407506702,79,811,26,259,60,258,785,128.792,333,0.774774774774775,40867.7,6.171,168000,NA,80,16,0,4,1,0.0497,0.06935,"B"
"165","F2_225",225,"287-1","BxH ApoE-/-, F2",2,"2002-03-19",230,"2002-05-14","2002-09-04",34.1,9.8,1.74,2.31,4.05,NA,11.8768328445748,50,800,36,305,82,229,764,111.658,310,0.738709677419355,80283.54,17.734,417750,NA,0,0,0,0,1,NA,NA,"B"
"166","F2_226",226,"287-2","BxH ApoE-/-, F2",2,"2002-03-19",230,"2002-05-14","2002-09-04",29,9.9,1.49,1.61,3.1,NA,10.6896551724138,53,1054,36,346,81,272,1018,101.148,397,0.685138539042821,23200.04,3.479,168250,NA,122,25,0,2,7,0.0525,0.07375,"B"
"167","F2_227",227,"287-3","BxH ApoE-/-, F2",2,"2002-03-19",230,"2002-05-14","2002-09-04",36,10.3,2.2,2.15,4.35,NA,12.0833333333333,72,1500,25,517,104,419,1475,83.962,807,0.519206939281289,38309.1,4.064,149500,NA,23,2,0,0,0,0.0552,0.07505,"B"
"168","F2_228",228,"287-4","BxH ApoE-/-, F2",2,"2002-03-19",230,"2002-05-14","2002-09-04",42.8,9.9,3.6,3.21,6.81,"aorta switched w/229",15.911214953271,240,1635,42,590,159,576,1593,175.25,2797,0.205934930282445,206529.2,7.306,65250,NA,17,0,0,0,4,NA,NA,"B"
"67","F2_241",241,"291-1","BxH ApoE-/-, F2",2,"2002-03-19",227,"2002-05-14","2002-09-04",36.7,9.8,2.48,2.49,4.97,NA,13.5422343324251,58,864,39,310,86,318,825,91.794,429,0.741258741258741,78226.18,1.913,238500,NA,15,1,0,4,11,0.0578,0.08215,"B"
"68","F2_242",242,"291-2","BxH ApoE-/-, F2",2,"2002-03-19",227,"2002-05-14","2002-09-04",38.9,9.9,2.91,1.79,4.7,NA,12.0822622107969,73,808,29,304,91,413,779,113.194,869,0.475258918296893,60695.08,5.264,272750,NA,1,0,0,0,0,0.0563,0.0818,"B"
"69","F2_243",243,"291-3","BxH ApoE-/-, F2",2,"2002-03-19",227,"2002-05-14","2002-09-04",43.9,10.2,4.26,2.97,7.23,"spleenomegally",16.4692482915718,82,817,23,356,97,439,794,145.356,1075,0.408372093023256,114589.3,1.604,3230750,NA,60,11,0,2,0,0.0529,0.0778,"B"
"70","F2_244",244,"291-4","BxH ApoE-/-, F2",2,"2002-03-19",227,"2002-05-14","2002-09-04",32.8,9.9,1.33,1.95,3.28,NA,10,34,794,19,304,86,313,775,86.896,486,0.6440329218107,58257.08,6.44,318000,NA,0,0,0,0,0,0.0513,0.069,"B"
"71","F2_245",245,"292-1","BxH ApoE-/-, F2",2,"2002-03-19",227110,"2002-05-14","2002-09-05",42.7,10.4,2.35,2.43,4.78,NA,11.1943793911007,168,1104,33,521,149,537,1071,92.322,2708,0.198301329394387,101521.2,6.81,116750,NA,0,0,2,1,6,0.0567,0.08145,"B"
"73","F2_247",247,"292-3","BxH ApoE-/-, F2",2,"2002-03-19",227110,"2002-05-14","2002-09-05",40.9,10.3,2.93,2.26,5.19,NA,12.6894865525672,70,1312,27,499,120,483,1285,123.872,615,0.785365853658537,100521.46,5.493,258750,NA,0,0,0,0,0,0.0563,0.07925,"B"
"74","F2_248",248,"292-4","BxH ApoE-/-, F2",2,"2002-03-19",227110,"2002-05-14","2002-09-05",30.7,9.8,1.46,1.45,2.91,NA,9.47882736156352,41,1044,25,381,83,458,1019,172.614,422,1.08530805687204,138369.52,11.313,184250,NA,0,0,0,2,3,0.0516,0.07045,"B"
"30","F2_261",261,"297-1","BxH ApoE-/-, F2",2,"2002-03-19",235,"2002-05-14","2002-09-05",39.6,10.3,2.9,2.3,5.2,NA,13.1313131313131,23,1583,45,569,103,475,1538,117.62,1108,0.42870036101083,89290.54,7.056,214750,NA,0,0,0,0,0,0.0567,0.0785,"B"
"32","F2_263",263,"297-3","BxH ApoE-/-, F2",2,"2002-03-19",235,"2002-05-14","2002-09-10",36,10.1,2.6,2,4.6,NA,12.7777777777778,29,1611,25,730,158,519,1586,96.884,NA,NA,NA,NA,326750,NA,52,10,0,33,85,0.0547,0.0801,"B"
"33","F2_264",264,"297-4","BxH ApoE-/-, F2",2,"2002-03-19",235,"2002-05-14","2002-09-10",41.6,10.4,3.04,2.54,5.58,NA,13.4134615384615,94,1397,38,495,113,453,1359,198.228,1529,0.296272073250491,137452.5,2.705,86666,NA,0,0,0,0,0,0.0497,0.07765,"B"
"39","F2_270",270,"299-2","BxH ApoE-/-, F2",2,"2002-03-19",NA,"2002-05-14","2002-09-10",45.2,10.2,3.66,2.72,6.38,NA,14.1150442477876,82,1065,31,415,125,509,1034,98.758,1979,0.257200606366852,223565.8,13.319,151250,NA,0,0,0,0,0,0.0573,0.08735,"B"
"40","F2_271",271,"299-3","BxH ApoE-/-, F2",2,"2002-03-19",NA,"2002-05-14","2002-09-10",42.3,10,1.58,2.39,3.97,NA,9.3853427895981,105,1315,27,516,118,499,1288,172.894,6357,0.0784961459808086,134703.24,30.82,267500,NA,15,0,4,0,2,0.0584,0.0831,"B"
"41","F2_272",272,"299-4","BxH ApoE-/-, F2",2,"2002-03-19",NA,"2002-05-14","2002-09-10",39.6,10,1.82,2.55,4.37,NA,11.0353535353535,130,1087,45,410,134,484,1042,NA,2545,0.190176817288802,92320.54,10.364,189500,NA,0,0,56,0,1,0.0578,0.08355,"B"
"47","F2_278",278,"303-2","BxH ApoE-/-, F2",2,"2002-03-22",228,"2002-05-14","2002-09-10",44.4,10.7,2.81,2.78,5.59,NA,12.5900900900901,80,1100,37,508,147,558,1063,132.598,5091,0.109605185621685,109518.16,10.423,325750,NA,55,0,15,0,0,0.0552,0.08465,"B"
"56","F2_287",287,"306-1","BxH ApoE-/-, F2",2,"2002-03-22",229232,"2002-05-14","2002-09-11",43.9,10.2,2.85,2.35,5.2,NA,11.8451025056948,NA,NA,NA,NA,NA,NA,NA,NA,NA,NA,NA,NA,179500,NA,27,0,13,0,0,NA,NA,"B"
"360","F2_288",288,"306-2","BxH ApoE-/-, F2",2,"2002-03-22",229232,"2002-05-14","2002-09-11",37.7,10.2,2.04,2.01,4.05,NA,10.7427055702918,27,1469,25,559,95,406,1444,184.858,669,0.606875934230194,109760.04,20.552,235250,NA,26,10,0,0,0,0.0553,0.075,"B"
"361","F2_289",289,"306-3","BxH ApoE-/-, F2",2,"2002-03-22",229232,"2002-05-14","2002-09-11",37.2,10.2,2.42,1.9,4.32,NA,11.6129032258065,70,1331,26,574,139,469,1305,146.67,1416,0.331214689265537,71692,12.566,322500,NA,23,5,9,0,0,0.0558,0.0763,"B"
"1","F2_290",290,"306-4","BxH ApoE-/-, F2",2,"2002-03-22",229232,"2002-05-14","2002-09-11",36.9,9.9,2.53,2.26,4.79,NA,12.9810298102981,53,1167,50,484,121,437,1117,175.85,924,0.472943722943723,245462,11.274,496250,NA,16,0,17,0,0,NA,NA,"B"
"2","F2_291",291,"307-1","BxH ApoE-/-, F2",2,"2002-03-22",232,"2002-05-14","2002-09-11",48.5,10.7,2.9,2.97,5.87,NA,12.1030927835052,61,1230,32,592,173,572,1198,92.43,5781,0.0989448192354264,84420.88,7.099,NA,NA,16,4,0,2,4,0.0548,0.0773,"B"
"7","F2_296",296,"308-2","BxH ApoE-/-, F2",2,"2002-03-22",232,"2002-05-14","2002-09-11",38.8,10.2,3.28,1.64,4.92,NA,12.680412371134,120,1386,29,539,131,569,1357,109.494,978,0.581799591002045,68410.52,8.71,133250,NA,0,0,7,0,0,0.0621,0.09105,"B"
"9","F2_298",298,"308-4","BxH ApoE-/-, F2",2,"2002-03-22",232,"2002-05-14","2002-09-11",33.4,10,2.19,1.81,4,NA,11.9760479041916,65,1334,19,504,110,568,1315,87.668,560,1.01428571428571,74253.66,14.237,301500,NA,6,0,0,0,0,NA,NA,"B"
"10","F2_299",299,"338-1","BxH ApoE-/-, F2",2,"2002-03-22",109,"2002-05-14","2002-09-11",40,9.9,3.41,2.68,6.09,NA,15.225,83,1114,33,459,131,464,1081,129.976,1151,0.403127715030408,114169.02,7.592,57500,NA,0,0,0,6,0,0.0575,0.08275,"B"
"11","F2_300",300,"338-2","BxH ApoE-/-, F2",2,"2002-03-22",109,"2002-05-14","2002-09-11",41.1,9.8,4.01,3.29,7.3,NA,17.7615571776156,80,1414,27,620,157,599,1387,121.318,2823,0.212185618136734,200970.8,14.366,62750,NA,3,3,0,0,78,0.0523,0.0746,"B"
"13","F2_302",302,"338-4","BxH ApoE-/-, F2",2,"2002-03-22",109,"2002-05-14","2002-09-11",44,10.5,3.6,2.05,5.65,NA,12.8409090909091,121,1468,33,739,191,655,1435,117.122,4506,0.145361739902352,162679.62,8.404,126750,NA,22,10,4,1,52,0.0588,0.08605,"B"
"14","F2_303",303,"373-1","BxH ApoE-/-, F2",2,"2002-04-11",NA,"2002-07-24","2002-09-11",41.9,10.1,3.5,2.37,5.87,NA,14.0095465393795,91,1444,25,534,130,477,1419,NA,1596,0.298872180451128,383322.2,12.048,154500,NA,39,3,0,0,0,NA,NA,"B"
"15","F2_304",304,"373-2","BxH ApoE-/-, F2",2,"2002-04-11",NA,"2002-07-24","2002-09-11",37.6,10.1,3.36,1.87,5.23,NA,13.9095744680851,NA,NA,NA,NA,NA,NA,NA,NA,NA,NA,NA,NA,352750,NA,6,1,2,0,0,0.0553,0.0784,"B"
"16","F2_305",305,"373-3","BxH ApoE-/-, F2",2,"2002-04-11",NA,"2002-07-24","2002-09-11",34.1,10.1,2.52,1.58,4.1,NA,12.0234604105572,91,1475,24,589,134,503,1451,NA,1094,0.459780621572212,124436.08,10.319,190250,NA,16,0,0,0,0,NA,NA,"B"
"17","F2_306",306,"374-1","BxH ApoE-/-, F2",2,"2002-04-11",NA,"2002-07-24","2002-09-11",42.9,10.2,3.86,2.35,6.21,NA,14.4755244755245,48,1632,33,577,100,484,1599,144.128,3533,0.136994056043023,270467.6,14.718,166750,NA,6,0,4,0,0,NA,NA,"B"
"18","F2_307",307,"374-2","BxH ApoE-/-, F2",2,"2002-04-11",NA,"2002-07-24","2002-09-11",35.3,9.8,2.48,2.03,4.51,NA,12.7762039660057,0,1277,23,566,131,488,1254,144.904,421,1.15914489311164,101448.8,22.469,275500,NA,NA,NA,NA,0,1,NA,NA,"B"
"19","F2_308",308,"374-3","BxH ApoE-/-, F2",1,"2002-04-14",NA,"2002-07-24","2002-09-11",40.5,10,3.27,2.32,5.59,NA,13.8024691358025,7,1284,28,582,142,575,1256,87.378,3130,0.18370607028754,285963,17.142,192750,NA,27,6,3,0,0,0.0502,0.0721,"B"
"20","F2_309",309,"327-1","BxH ApoE-/-, F2",2,"2002-04-11",230,"2002-07-24","2002-11-13",40.7,10.9,3.13,2.16,5.29,NA,12.997542997543,30,1657,28,506,77,417,1629,125.294,821,0.507917174177832,159643.64,14.343,318000,NA,20,0,0,0,0,0.0573,0.07945,"B"
"21","F2_310",310,"327-2","BxH ApoE-/-, F2",2,"2002-04-11",230,"2002-07-24","2002-11-13",39.5,10.6,2.47,2.07,4.54,NA,11.493670886076,24,1287,32,457,103,418,1255,140.806,1082,0.386321626617375,194313.18,24.737,268000,NA,22,0,0,0,0,0.056,0.0813,"B"
"22","F2_311",311,"327-3","BxH ApoE-/-, F2",2,"2002-04-11",230,"2002-07-24","2002-11-13",33.6,9.9,2.4,1.77,4.17,NA,12.4107142857143,63,1183,25,406,100,369,1158,102.128,1206,0.305970149253731,108510.66,16.383,183000,NA,0,0,0,0,0,0.0565,0.07995,"B"
"23","F2_312",312,"327-4","BxH ApoE-/-, F2",2,"2002-04-11",230,"2002-07-24","2002-11-13",39.4,10.1,2.7,2.75,5.45,NA,13.8324873096447,112,1442,53,553,144,522,1389,127.282,1073,0.486486486486487,226996.2,12.425,411250,NA,0,0,13,0,0,0.0551,0.076,"B"
"334","F2_320",320,"343-1","BxH ApoE-/-, F2",2,"2002-04-16",228,"2002-07-24","2002-11-13",39.2,10.3,1.88,2.32,4.2,NA,10.7142857142857,59,794,25,321,92,316,769,127.282,1022,0.309197651663405,68926.58,15.384,238750,NA,14,0,0,0,0,0.0591,0.0807,"B"
"335","F2_321",321,"343-2","BxH ApoE-/-, F2",2,"2002-04-16",228,"2002-07-24","2002-11-13",45.3,10.6,2.5,2.66,5.16,NA,11.3907284768212,95,1667,45,705,149,644,1622,148.576,10335,0.0623125302370585,172820.02,12.688,312750,NA,25,1,12,0,0,0.0556,0.08035,"B"
"337","F2_323",323,"343-4","BxH ApoE-/-, F2",2,"2002-04-16",228,"2002-07-24","2002-11-13",43,10.1,3.14,2.88,6.02,NA,14,95,922,60,314,76,365,862,156.62,1134,0.321869488536155,205015.6,7.151,83000,NA,0,0,0,0,0,0.0588,0.08885,"B"
"338","F2_324",324,"354-1","BxH ApoE-/-, F2",2,"2002-05-06",228,"2002-07-24","2002-11-13",38.3,9.8,2.48,2.31,4.79,NA,12.5065274151436,93,1300,52,427,83,332,1248,146.458,1480,0.224324324324324,159873.28,5.943,129500,NA,13,0,0,0,0,0.0529,0.0704,"B"
"339","F2_325",325,"354-2","BxH ApoE-/-, F2",2,"2002-05-06",228,"2002-07-24","2002-11-13",40.8,9.7,2.42,2.65,5.07,NA,12.4264705882353,76,1299,28,497,119,413,1271,146.6,1721,0.239976757699012,207949.4,11.174,57500,NA,19,2,0,0,1,0.052,0.0735,"B"
"340","F2_326",326,"354-3","BxH ApoE-/-, F2",2,"2002-05-06",228,"2002-07-24","2002-11-13",32.4,9.9,2.26,1.53,3.79,NA,11.6975308641975,35,971,12,399,87,395,959,144.482,579,0.682210708117444,75031.7,17.993,246000,NA,27,10,0,0,0,0.0525,0.07425,"B"
"341","F2_327",327,"354-4","BxH ApoE-/-, F2",2,"2002-05-06",228,"2002-07-24","2002-11-13",40.5,10.1,2.98,2.47,5.45,NA,13.4567901234568,44,1291,16,489,94,442,1275,176.976,1217,0.363188167625308,132981.3,17.458,313750,NA,21,6,0,0,0,0.0509,0.0699,"B"
"342","F2_328",328,"354-5","BxH ApoE-/-, F2",2,"2002-05-06",228,"2002-07-24","2002-11-13",36.1,9.7,1.89,2.07,3.96,NA,10.9695290858726,75,1004,43,358,92,376,961,258.53,947,0.397043294614572,224701.8,9.939,221250,NA,0,0,0,0,0,0.0529,0.07245,"B"
"343","F2_329",329,"359-1","BxH ApoE-/-, F2",2,"2002-05-06",NA,"2002-07-24","2002-11-13",34,9.9,2.12,1.67,3.79,NA,11.1470588235294,28,765,15,266,60,256,750,109.994,577,0.44367417677643,63797.58,15.756,143250,NA,0,0,13,0,0,0.0507,0.06955,"B"
"344","F2_330",330,"359-2","BxH ApoE-/-, F2",2,"2002-05-06",NA,"2002-07-24","2002-11-13",34.4,10.6,1.54,1.26,2.8,NA,8.13953488372093,44,1093,32,351,65,338,1061,60.622,591,0.571912013536379,10302.78,5.507,60750,NA,0,0,4,0,1,0.0588,0.08395,"B"
"346","F2_332",332,"359-4","BxH ApoE-/-, F2",2,"2002-05-06",NA,"2002-07-24","2002-11-13",35.3,10.7,1.84,1.48,3.32,"sort of clippered",9.40509915014164,20,963,36,323,57,340,927,86.366,436,0.779816513761468,28512.1,9.119,366250,NA,38,3,0,NA,NA,0.0582,0.0831,"B"
"186","F2_355",355,"364-1","BxH ApoE-/-, F2",2,"2002-05-31",228,"2002-07-24","2002-11-13",40.9,10.4,2.78,1.91,4.69,"spleenomegaly",11.4669926650367,199,663,30,280,95,358,633,189.248,829,0.431845597104946,55794.9,12.134,109500,NA,22,0,0,NA,NA,0.0564,0.07865,"B"
"188","F2_357",357,"364-3","BxH ApoE-/-, F2",2,"2002-05-31",228,"2002-07-24","2002-11-13",45.7,10.8,4.45,2.69,7.14,NA,15.6236323851203,44,1118,51,326,67,372,1067,130.184,1795,0.207242339832869,169716.36,NA,214750,NA,27,5,0,NA,NA,NA,NA,"B"
