"","chr","chromStart","chromEnd","name","strand","blockCount","blockSizes","blockStarts","RPM.IP.Control","RPM.input.Control","RPM.IP.Treated","RPM.input.Treated","geneID","diff.log2FC","pvalue","fdr","score"
"1","chr11",506183,507176,1,"-",3,"173,213,64","0,425,929",9117.71821,3809.6769,3659.19806,2640.77609,"ENSG00000023191.17",-0.490598169154854,3.9736254799709e-05,0.000639753702275314,4.40081306818918
"2","chr11",504516,505012,2,"-",2,"36,189","0,307",5800.08985,2178.10641,2382.44253,1394.83129,"ENSG00000023191.17",-0.342658677650531,0.0305050517165065,0.11358319283879,1.51562823439314
"3","chr11",500659,500860,3,"-",2,"79,21","0,180",374.38514,329.52901,237.82701,109.70583,"ENSG00000023191.17",1.18479093163528,0.0220938805215953,0.0970122208357323,1.65572799888154
"4","chr11",576469,587325,4,"+",4,"123,115,120,67","0,5022,5492,10789",11484.98428,9009.8055,8999.87483,9528.73509,"ENSG00000070047.13",-0.177511154129586,0.0174562192171464,0.081070710402709,1.75804981280298
"5","chr11",597482,605172,5,"+",4,"88,130,128,54","0,890,4091,7636",12343.19022,17754.38032,11586.76514,16706.63093,"ENSG00000070047.13",0.275729677102328,4.86176237399396e-06,0.000106737783029049,5.31320627177511
"6","chr11",606818,609541,6,"+",2,"24,2476","0,247",106175.62695,29882.65552,98919.34744,29252.2764,"ENSG00000070047.13",0.181237866586813,5.9738534667845e-07,1.7682345239379e-05,6.22374543445158
"7","chr11",560403,560428,7,"+",1,"25","0",34.55863,56.26105,37.55163,0,"ENSG00000099849.15",3.09339938654385,0.0135351538010248,0.0694291516157295,1.86853680494284
"8","chr11",560453,561169,8,"+",2,"61,214","0,502",2465.18218,2057.54702,1944.34013,1198.92802,"ENSG00000099849.15",0.853785375852383,1.27114042108737e-06,3.41089346325111e-05,5.89580647089772
"9","chr11",561663,561813,9,"+",1,"150","0",1704.89235,1808.39093,1114.03179,916.82731,"ENSG00000099849.15",0.618762974731858,0.00249419762858652,0.017209963637247,2.60306913802502
"10","chr11",563536,564025,10,"+",1,"489","0",19946.08854,4886.67417,13706.34623,2891.53228,"ENSG00000099849.15",0.475214433868775,2.83026429570365e-06,6.83508827412431e-05,5.54817300730037
"11","chr11",222750,222800,11,"-",1,"50","0",69.11726,24.11188,41.72404,117.54196,"ENSG00000142082.15",-2.70086656507165,0.0102470632668947,0.0575503669524436,1.98940058238639
"12","chr11",322712,326287,12,"-",2,"15,585","0,2990",685.4128,184.85774,488.17124,352.62589,"ENSG00000142089.17",-0.997176292764873,0.0162070787372246,0.0777604945834725,1.79029525798521
"13","chr11",320582,321240,13,"-",3,"278,30,17","0,554,641",29449.71144,30469.37791,19414.19452,27269.7353,"ENSG00000142089.17",-0.177439109720354,7.30407248179874e-05,0.00113802161571251,4.13643492574087
"14","chr11",289125,289150,14,"+",1,"25","0",270.70926,249.15608,404.72316,1214.60028,"ENSG00000142102.16",-1.31875200847672,0.000565458842692081,0.00525224271192837,3.24759900000856
"15","chr11",289175,289619,15,"+",2,"64,61","0,383",1054.03818,586.72239,2782.99328,4074.78803,"ENSG00000142102.16",-1.12024403647687,2.38101714736318e-07,8.8463944782801e-06,6.62323747692675
"16","chr11",289644,290458,16,"+",2,"431,69","0,745",2626.45578,2226.33017,8386.53148,11777.70464,"ENSG00000142102.16",-0.474382991091986,8.15786501621375e-05,0.00114695206796032,4.0884234849957
"17","chr11",291083,291983,17,"+",1,"900","0",11721.13491,2877.35091,38669.83769,14520.35043,"ENSG00000142102.16",-0.356014126657025,8.31124686927767e-05,0.00114695206796032,4.08033381763275
"18","chr11",293016,293091,18,"+",1,"75","0",270.70926,192.89503,137.68932,572.03755,"ENSG00000142102.16",-2.27817590052712,1.3740725996031e-06,3.4930371874121e-05,5.86199032057046
"19","chr11",293116,293141,19,"+",1,"25","0",143.99429,176.82045,83.44807,297.77297,"ENSG00000142102.16",-1.2751247237769,0.0279847419065118,0.106365063063118,1.55307869408491
"20","chr11",293241,293266,20,"+",1,"25","0",236.15063,321.49172,262.86143,830.62987,"ENSG00000142102.16",-0.962248469520487,0.014671105164553,0.0723075897395826,1.8335371698112
"21","chr11",537526,539612,21,"+",3,"79,263,33","0,1071,2053",2937.48344,2081.6589,521.55047,658.23499,"ENSG00000161328.11",-0.555579324025494,0.0163531438500749,0.0777604945834725,1.78639874297386
"22","chr11",551131,551904,22,"+",3,"171,177,2","0,519,771",1497.54058,1607.45861,763.54988,634.7266,"ENSG00000161328.11",0.62642909330396,0.00782604564252955,0.0455634206133575,2.1064576235653
"23","chr11",551954,552176,23,"+",2,"13,87","0,135",426.22309,868.02765,216.96499,282.10071,"ENSG00000161328.11",0.911028719633572,0.0168256289413751,0.0789007648415937,1.77402869288922
"24","chr11",554397,554447,24,"+",1,"50","0",92.15634,168.78315,58.41365,31.34452,"ENSG00000161328.11",2.02124616114324,0.0308461793501092,0.11358319283879,1.51079862060712
"25","chr11",281003,284247,25,"+",3,"836,96,18","0,1698,3226",4400.46539,618.87156,3955.43873,1081.38605,"ENSG00000174885.13",-0.70349693258437,0.00117925201048867,0.00889966751665669,2.92839337465963
"26","chr11",450576,458695,26,"+",3,"61,142,22","0,775,8097",996.44046,1085.03456,1627.23745,1238.10867,"ENSG00000174915.12",0.781658182776741,0.0002662093727703,0.00288280697144937,3.57477665783669
"27","chr11",458845,459845,27,"+",1,"1000","0",4043.35956,1519.04838,7618.8092,1034.36927,"ENSG00000174915.12",1.85601157313714,4.51806607047481e-26,5.45556478009834e-24,25.3450474224124
"28","chr11",460170,460195,28,"+",1,"25","0",132.47474,225.04421,141.86173,101.8697,"ENSG00000174915.12",1.70842349930315,0.00597283021065334,0.0365174302752603,2.22381983074504
"29","chr11",460595,460620,29,"+",1,"25","0",23.03909,88.41022,50.06884,39.18065,"ENSG00000174915.12",2.5726786592448,0.0228729478240566,0.098639587491244,1.64067786070058
"30","chr11",460695,460745,30,"+",1,"50","0",46.07817,136.63398,104.31009,109.70583,"ENSG00000174915.12",1.77112727558128,0.0238630162757612,0.0993606625964886,1.62227466254636
"31","chr11",486993,487043,31,"+",1,"50","0",172.79314,474.20029,204.44778,399.64267,"ENSG00000174915.12",0.8733674775443,0.0439497282908971,0.150762963916254,1.35704380550782
"32","chr11",488211,488236,32,"+",1,"25","0",86.39657,353.64089,241.99942,423.15106,"ENSG00000174915.12",1.65687330956596,0.00116902561142312,0.00889966751665669,2.9321759740581
"33","chr11",490034,490610,33,"+",2,"34,191","0,385",823.64732,763.54284,621.68815,1026.53314,"ENSG00000174915.12",-0.580040856067866,0.0243015085384066,0.100321612171371,1.61436676633705
"34","chr11",697615,707112,34,"-",2,"384,541","0,8956",4976.44253,1728.018,1877.58167,1543.71777,"ENSG00000177030.19",-0.971646708199373,4.03409088937081e-09,2.164962110629e-07,8.39425432121806
"35","chr11",691632,692259,35,"-",2,"15,10","0,617",69.11726,8.03729,8.34481,94.03357,"ENSG00000177030.19",-5.26362572735614,3.8544345445321e-05,NA,4.41403932505836
"36","chr11",678810,680978,36,"-",4,"12,129,193,16","0,877,1071,2152",2246.31087,1623.53319,492.34364,979.51635,"ENSG00000177030.19",-1.18022355605523,1.27919335291675e-07,5.14875324548993e-06,6.89306380598405
"37","chr11",674400,674550,37,"-",1,"150","0",420.46332,651.02074,216.96499,752.26856,"ENSG00000177030.19",-0.840707877477377,0.0135374700065911,0.0694291516157295,1.86846249258169
"38","chr11",644232,646354,38,"-",2,"422,28","0,2094",12400.78794,2258.47934,7848.2914,2405.69217,"ENSG00000177030.19",-0.464644579276867,0.000268584500445594,0.00288280697144937,3.57091905333958
"39","chr11",700691,701091,39,"+",1,"400","0",696.93235,803.7293,596.65373,595.54594,"ENSG00000177042.16",0.705774861366053,0.0125613501564256,0.0674125791728173,1.90096367795778
"40","chr11",703033,703408,40,"+",1,"375","0",2240.55109,2073.6216,1097.34218,861.97439,"ENSG00000177042.16",0.496375253962848,0.0133589827186119,0.0694291516157295,1.87422661195886
"41","chr11",703908,703933,41,"+",1,"25","0",103.67589,305.41714,66.75846,101.8697,"ENSG00000177042.16",1.46358313553474,0.0310413694714707,0.11358319283879,1.50805912695048
"42","chr11",706190,708582,42,"+",3,"98,219,8","0,404,2384",6347.26814,2877.35091,5920.64088,2766.15418,"ENSG00000177106.17",0.269795306058864,0.0279443138187317,0.106365063063118,1.55370655015247
"43","chr11",708632,709418,43,"+",2,"11,89","0,697",3116.03636,3198.84263,2912.3378,2789.66258,"ENSG00000177106.17",0.37828827649373,0.00469800792835592,0.0306640247215663,2.32808625464264
"44","chr11",709443,709644,44,"+",2,"8,92","0,109",3087.2375,3311.36473,3554.88797,3204.97751,"ENSG00000177106.17",0.503931878581249,8.59940793800224e-05,0.00115375389834863,4.06553144853666
"45","chr11",710419,710444,45,"+",1,"25","0",743.01052,1912.87574,984.68728,1708.27652,"ENSG00000177106.17",0.882398082226693,2.20412320163921e-05,0.000392142224661752,4.65676413382358
"46","chr11",721189,721214,46,"+",1,"25","0",627.81509,1888.76386,976.34247,2029.55789,"ENSG00000177106.17",0.8231784990043,0.000102094923236752,0.001264406357009,3.9909958530657
"47","chr11",721264,721289,47,"+",1,"25","0",645.0944,1310.07877,884.54959,1567.22617,"ENSG00000177106.17",0.514876331404558,0.023383313093081,0.0990714054733168,1.63109395527405
"48","chr11",721601,721801,48,"+",1,"200","0",2684.0535,6253.01398,3037.50991,5939.78717,"ENSG00000177106.17",0.505188745340382,7.65480449253572e-06,0.000154052940412281,5.11606589691833
"49","chr11",724707,724782,49,"+",1,"75","0",766.0496,2097.73348,972.17007,2037.39402,"ENSG00000177106.17",0.713896052108473,0.000393121479090447,0.00387505457960583,3.4054732268601
"50","chr11",725805,726088,50,"+",2,"42,8","0,275",743.01052,1776.24176,755.20507,1598.57069,"ENSG00000177106.17",0.545225403611333,0.0121364638469836,0.0658641802032932,1.91590783347909
"51","chr11",726288,726363,51,"+",1,"75","0",777.56915,2153.99453,1043.10093,2201.95276,"ENSG00000177106.17",0.649091992500372,0.0010006762085505,0.00792338702835889,2.99970642560548
"52","chr11",726664,726714,52,"+",1,"50","0",691.17257,2001.28597,988.85968,2076.57467,"ENSG00000177106.17",0.725381425236809,0.000423070452901208,0.00407194244705901,3.37358730459082
"53","chr11",726739,727238,53,"+",2,"12,338","0,161",1987.12115,4042.7584,2282.30484,3784.85119,"ENSG00000177106.17",0.630390204770181,3.13353935342602e-06,7.20714051287985e-05,5.50396484672165
"54","chr11",727388,727727,54,"+",1,"339","0",1733.69121,1486.89921,1702.34072,1269.45319,"ENSG00000177106.17",0.468672632073039,0.0136558372743153,0.0694291516157295,1.86468166700228
"55","chr11",756269,758984,55,"+",2,"15,35","0,2680",2972.04207,5593.95596,2119.58109,4192.33,"ENSG00000177156.11",0.442654718086152,0.000302851235322697,0.00311227971618857,3.51877065052062
"56","chr11",760373,760423,56,"+",1,"50","0",74.87703,48.22376,45.89644,156.72262,"ENSG00000177156.11",-2.11067176187344,0.0183050714652636,0.0834089577143615,1.73742857123975
"57","chr11",774046,774096,57,"-",1,"50","0",691.17257,1052.88539,375.51633,1285.12546,"ENSG00000177225.17",-0.892002213594408,0.00068741726030399,0.00597164695672536,3.16277956739712
"58","chr11",770744,770894,58,"-",1,"150","0",593.25646,1109.14644,509.03325,587.70981,"ENSG00000177225.17",0.960178337009862,0.000692364864547868,0.00597164695672536,3.15966497938727
"59","chr11",770344,770694,59,"-",1,"350","0",3294.58927,3351.5512,3141.82,2609.43157,"ENSG00000177225.17",0.595641982888,7.32037627697987e-06,0.000153727901816577,5.13546659505963
"60","chr11",769219,769519,60,"-",1,"300","0",1941.04298,2724.64234,1360.20361,1912.01592,"ENSG00000177225.17",0.459148208527524,0.00539540235500378,0.0338438874995692,2.26797616283608
"61","chr11",796349,797618,61,"-",2,"18,7","0,1262",92.15634,40.18647,58.41365,109.70583,"ENSG00000177542.11",-1.84886710646011,0.0440115484724467,0.150762963916254,1.35643335124599
"62","chr11",809673,809748,62,"-",1,"75","0",86.39657,16.07459,33.37923,47.01678,"ENSG00000177595.19",-2.45165158312463,0.0342162295496799,0.122633586300934,1.46576784914869
"63","chr11",805907,805982,63,"-",1,"75","0",34.55863,112.5221,79.27567,86.19744,"ENSG00000177595.19",1.96229762004044,0.0276835714000075,0.106365063063118,1.55777788317253
"64","chr11",804062,804087,64,"-",1,"25","0",17.27931,80.37293,45.89644,39.18065,"ENSG00000177595.19",2.69055882361486,0.023289116543595,0.0990714054733168,1.63284698581134
"65","chr11",803812,803837,65,"-",1,"25","0",23.03909,80.37293,41.72404,23.50839,"ENSG00000177595.19",2.88887406351984,0.0188951975194637,0.0845035222398237,1.72364856385997
"66","chr11",801553,801603,66,"-",1,"50","0",80.6368,305.41714,125.17211,101.8697,"ENSG00000177595.19",2.47116843273483,0.00017282917861711,0.0020869123318016,3.76238293406414
"67","chr11",799703,799803,67,"-",1,"100","0",69.11726,176.82045,100.13769,54.85292,"ENSG00000177595.19",2.47619276991359,0.00216687350024606,0.0153911750091007,2.66416644158682
"68","chr11",799178,799528,68,"-",1,"350","0",921.56343,723.35637,517.37806,822.79374,"ENSG00000177595.19",-0.762907157982527,0.00467467869291803,0.0306640247215663,2.33024823435043
"69","chr11",810014,810039,69,"+",1,"25","0",11006.92325,33402.98987,13685.48421,30270.9734,"ENSG00000177600.9",0.829109463387426,4.82296018055629e-56,1.16474488360434e-53,55.3166863236962
"70","chr11",811578,811653,70,"+",1,"75","0",54913.66103,184817.55345,49868.56928,169424.98472,"ENSG00000177600.9",0.483709390617879,7.6500842940918e-90,3.69499071404634e-87,89.1163337794533
"71","chr11",812617,812880,71,"+",2,"16,121","0,142",58167.9319,159443.81932,49835.19005,155649.06672,"ENSG00000177600.9",0.285985881143197,5.3626632180339e-32,8.63388778103459e-30,31.2706194764179
"72","chr11",820857,820932,72,"+",1,"75","0",449.26217,442.05112,709.30863,1324.30611,"ENSG00000177666.17",-0.663332125097307,0.0262552116052032,0.10309973337653,1.58078447714452
"73","chr11",824967,825017,73,"+",1,"50","0",1848.88664,1213.63125,3100.09597,3957.24607,"ENSG00000177666.17",-0.698533952680486,2.27328825890871e-05,0.000392142224661752,4.64334549110481
"74","chr11",825117,825167,74,"+",1,"50","0",743.01052,297.37984,1351.85881,1167.58349,"ENSG00000177666.17",-0.604653966549179,0.0471355357099086,0.156276850800684,1.32665155266371
"75","chr11",825342,825367,75,"+",1,"25","0",63.35749,16.07459,25.03442,117.54196,"ENSG00000177666.17",-3.73475288110481,0.000917548666491065,0.00753633255849533,3.03737089162301
"76","chr11",828699,828878,76,"+",2,"73,27","0,152",184.31269,409.90195,183.58576,227.24779,"ENSG00000177685.17",1.11359994106579,0.0188722159898737,0.0845035222398237,1.72417710165439
"77","chr11",829278,829403,77,"+",1,"125","0",702.69212,490.27488,342.13711,854.13826,"ENSG00000177685.17",-1.58562757443995,2.94851606027931e-07,1.01723804079636e-05,6.53039650232006
"78","chr11",829428,829503,78,"+",1,"75","0",714.21166,723.35637,413.06797,932.49957,"ENSG00000177685.17",-0.899343768106855,0.00132085164395461,0.00981494375430885,2.87914595894118
"79","chr11",832911,833997,79,"+",2,"115,10","0,1076",9526.66198,5031.34544,6992.94864,6425.62728,"ENSG00000177697.19",-0.398293096617412,1.32922152998629e-05,0.000256805599593351,4.87640263287744
"80","chr11",834487,834612,80,"+",1,"125","0",4532.94013,3038.09677,3675.88768,4975.94308,"ENSG00000177697.19",-0.759226397711422,1.01282632721838e-10,6.11493895058099e-09,9.99446501821035
"81","chr11",836060,836160,81,"+",1,"100","0",9152.27684,6132.45459,6500.605,7969.34506,"ENSG00000177697.19",-0.60781647510964,1.71263560629389e-12,1.18171856834279e-10,11.766335031086
"82","chr11",838617,839687,82,"+",2,"218,32","0,1038",4590.53785,8270.37454,3634.16364,9411.19313,"ENSG00000177697.19",-0.211485188873735,0.023822245528668,0.0993606625964886,1.62301730352726
"83","chr11",839712,839831,83,"+",1,"119","0",1232.59109,217.00691,475.65402,415.31493,"ENSG00000177697.19",-1.89359761465205,6.22359977369447e-07,1.7682345239379e-05,6.20595834366373
"84","chr11",839720,842528,84,"-",2,"760,115","0,2693",21904.41083,9242.887,17486.544,12561.31772,"ENSG00000177700.6",-0.465383835709631,5.11470188525043e-13,4.11733501762659e-11,12.2911796744374
"85","chr11",914999,915024,85,"-",1,"25","0",40.3184,8.03729,0,15.67226,"ENSG00000177830.18",-3.08783419856118,0.0400806332590006,NA,1.39706542539638
"86","chr11",869008,869683,86,"-",1,"675","0",1958.32229,892.13953,2232.23599,893.31891,"ENSG00000177830.18",0.43957038981301,0.0426481796165837,0.148194753631726,1.37009950140959
"87","chr11",205941,205991,87,"-",1,"50","0",1215.31178,1896.80116,509.03325,1410.50355,"ENSG00000177951.18",-0.460409656821742,0.0342764682207579,0.122633586300934,1.46500393328487
"88","chr11",204416,205566,88,"-",1,"1150","0",20619.9818,5746.66452,13414.27797,3753.50667,"ENSG00000177951.18",0.338135150693616,0.000241768098683739,0.00271567422474991,3.61660100487985
"89","chr11",204166,204241,89,"-",1,"75","0",311.02766,755.50555,292.06826,564.20142,"ENSG00000177951.18",0.788162490652356,0.0225112764252514,0.0979544730936616,1.64759987911201
"90","chr11",203891,204116,90,"-",1,"225","0",2666.77418,2041.47243,2169.64994,1606.40682,"ENSG00000177951.18",0.367726783836418,0.0248100125038835,0.10155284779132,1.60537301684967
"91","chr11",207707,208732,91,"+",1,"1025","0",15747.21515,4750.04019,11628.48917,3596.78405,"ENSG00000177963.15",0.239432350511907,0.0143558690362194,0.071483347881381,1.84297051224369
"92","chr11",208757,209112,92,"+",2,"181,44","0,311",7309.14997,5119.75567,3992.99036,4490.10297,"ENSG00000177963.15",-0.386449140456087,0.000188954472008368,0.00222597585317174,3.72364282512525
"93","chr11",209262,209337,93,"+",1,"75","0",4636.61602,3504.25977,2152.96032,2484.05347,"ENSG00000177963.15,ENSG00000283920.1",-0.29410786849235,0.0281878427993356,0.106365063063118,1.54993815918312
"94","chr11",211175,211200,94,"+",1,"25","0",270.70926,442.05112,116.8273,454.49559,"ENSG00000177963.15",-0.921815592253643,0.0355669102749456,0.125392829655465,1.44895386067376
"95","chr11",213275,213425,95,"+",1,"150","0",1641.53486,3102.39511,1393.58284,2648.61222,"ENSG00000177963.15",0.314253095352541,0.0472389652523805,0.156276850800684,1.32569962397349
"96","chr11",214225,215113,96,"+",1,"888","0",13915.60783,4267.8026,10247.42354,3400.88078,"ENSG00000177963.15",0.317723081858894,0.00185903258299591,0.0134016826505526,2.73071299834466
"97","chr11",932774,933576,97,"+",2,"3,22","0,780",69.11726,289.34255,108.4825,133.21422,"ENSG00000183020.15",2.26474710574752,0.000584406491357483,0.00532581764765405,3.23328496873863
"98","chr11",946723,956795,98,"+",2,"240,10","0,10062",575.97715,442.05112,442.27479,180.23101,"ENSG00000183020.15",1.37909819689574,0.000788482385418118,0.00668135073959563,3.10320800430231
"99","chr11",956970,959474,99,"+",2,"12,38","0,2466",3853.2871,5794.88828,1810.82322,2844.51549,"ENSG00000183020.15",0.42601184453039,0.000920587206938352,0.00753633255849533,3.03593506463071
"100","chr11",970287,972062,100,"+",2,"24,1","0,1774",685.4128,2306.7031,446.4472,1332.14224,"ENSG00000183020.15",0.686671352571854,0.00384710950695497,0.0261711815754824,2.41486545143964
"101","chr11",393528,394388,101,"+",3,"6,39,180","0,616,680",881.24503,514.38675,897.0668,940.3357,"ENSG00000184363.10",-0.552467188191494,0.0410854459352391,0.143799060773337,1.38631199489791
"102","chr11",404438,404908,102,"+",1,"470","0",875.48526,1076.99727,1560.47899,1661.25974,"ENSG00000184363.10",0.470406246826037,0.025932595881687,0.102667572220121,1.58615400769403
"103","chr11",788489,788614,103,"-",1,"125","0",34.55863,96.44752,70.93086,31.34452,"ENSG00000184524.6",2.90542931214307,0.00655891106732593,0.0391105437718324,2.18316825768334
"104","chr11",787839,788139,104,"-",1,"300","0",80.6368,112.5221,212.79259,141.05035,"ENSG00000184524.6",1.33823518556271,0.046967170723228,0.156276850800684,1.32820560069174
"105","chr11",787714,787789,105,"-",1,"75","0",5.75977,32.14917,62.58606,31.34452,"ENSG00000184524.6",2.94425516788432,0.0250934543372471,0.101849902898238,1.60043955007071
"106","chr11",787389,787464,106,"-",1,"75","0",17.27931,48.22376,45.89644,23.50839,"ENSG00000184524.6",2.61730144737484,0.0459544768791313,0.155216869458884,1.33767217330521
"107","chr11",1025812,1025862,107,"-",1,"50","0",74.87703,0,0,23.50839,"ENSG00000184956.16",-4.88232697920574,0.000642658304484796,NA,3.19201987609642
"108","chr11",1015994,1016019,108,"-",1,"25","0",0,24.11188,37.55163,0,"ENSG00000184956.16",4.00537525505435,0.00574227931515526,NA,2.24091568643367
"109","chr11",428633,428740,109,"-",2,"6,19","0,88",126.71497,96.44752,125.17211,391.80654,"ENSG00000185101.13",-1.74295042013705,0.00464114504403688,0.0306640247215663,2.33337485889393
"110","chr11",420853,428095,110,"-",4,"7,114,146,8","0,75,287,7234",599.01623,474.20029,763.54988,1426.17581,"ENSG00000185101.13",-0.983987779611887,0.00042995665590064,0.00407194244705901,3.36657532361105
"111","chr11",419803,420753,111,"-",1,"950","0",1606.97624,1615.4959,4623.02332,3635.96471,"ENSG00000185101.13",0.607462555237315,9.36106758617391e-05,0.00118984095897947,4.02867461917376
"112","chr11",419012,419312,112,"-",1,"300","0",380.14492,200.93233,279.55105,548.52916,"ENSG00000185101.13",-1.63845841740282,9.2264026084997e-05,0.00118984095897947,4.03496759819569
"113","chr11",417932,418582,113,"-",1,"650","0",2096.55681,1277.92959,8148.70447,3244.15816,"ENSG00000185101.13",0.884625310625112,2.07170242634723e-08,1.00063227192571e-06,7.68367262531501
"114","chr11",417374,417399,114,"-",1,"25","0",109.43566,176.82045,100.13769,78.36131,"ENSG00000185187.14",1.51193086829304,0.0323300203859341,0.11740902140155,1.49039402154075
"115","chr11",417299,417349,115,"-",1,"50","0",259.18972,257.19338,87.62048,415.31493,"ENSG00000185187.14",-1.97474222626514,7.74938438966928e-05,0.00114695206796032,4.11073279643417
"116","chr11",408852,408927,116,"-",1,"75","0",109.43566,458.1257,308.75788,407.4788,"ENSG00000185187.14",1.92256044231786,3.26852031382034e-05,0.000544377693646629,4.48564881155391
"117","chr11",408727,408752,117,"-",1,"25","0",51.83794,289.34255,187.75817,258.59232,"ENSG00000185187.14",2.29132948630263,0.000283240316726183,0.00297402332562492,3.54784492864646
"118","chr11",408164,408189,118,"-",1,"25","0",69.11726,313.45443,171.06855,266.42845,"ENSG00000185187.14",1.83901046248619,0.00158056318813772,0.011566848785917,2.80118813714741
"119","chr11",309175,309397,119,"+",1,"222","0",8397.74678,10279.6978,3817.74941,4599.8088,"ENSG00000185201.18",0.407018177107665,1.557729741244e-05,0.000289378255777251,4.80750788817023
"120","chr11",612552,612577,120,"-",1,"25","0",570.21737,321.49172,788.5843,274.26458,"ENSG00000185507.21",0.992828307441747,0.00877914388330059,0.0498861940662846,2.05654783316982
"121","chr11",556554,557401,121,"-",3,"34,263,3","0,280,844",3248.5111,2025.39785,1856.71966,1755.29331,"ENSG00000185522.9",-0.347636951569457,0.0308248706269151,0.11358319283879,1.51109873747788
"122","chr11",554849,554949,122,"-",1,"100","0",1036.75886,377.75277,283.72345,289.93684,"ENSG00000185522.9",-1.23477660326052,0.00108078800774708,0.00841968722164256,2.96625948282222
"123","chr11",251612,251637,123,"+",1,"25","0",328.30697,1085.03456,337.9647,901.15505,"ENSG00000185627.19",0.82279163969071,0.00782973894598069,0.0455634206133575,2.10625271766237
"124","chr11",313609,314264,124,"+",2,"82,268","0,387",44108.32978,27672.39994,31772.85434,19018.28953,"ENSG00000185885.17",0.430543645819899,7.2616927559173e-22,7.01479520221611e-20,21.1389621301453
"125","chr11",568163,568198,125,"-",1,"35","0",28.79886,96.44752,54.24125,23.50839,"ENSG00000199038.1",3.24547473744945,0.0052119055732738,0.0331230314722532,2.2830034612207
"126","chr11",568088,568138,126,"-",1,"50","0",103.67589,40.18647,79.27567,125.37809,"ENSG00000199038.1",-1.72878977122198,0.0482910826114365,0.158670700009006,1.31613305827945
"127","chr11",298649,299315,127,"-",2,"64,11","0,655",17.27931,88.41022,187.75817,195.90327,"ENSG00000206013.2",2.53251454200699,0.0079846878469045,0.0459119551197009,2.09774205748627
"128","chr11",138059,139053,128,"-",2,"52,98","0,896",501.10012,1221.66854,688.44661,1528.04551,"ENSG00000230724.9",0.595044868055879,0.0159025730150221,0.0775852804672289,1.79853260172858
"129","chr11",131495,133618,129,"-",2,"29,46","0,2077",149.75406,731.39367,317.10268,548.52916,"ENSG00000230724.9",2.01125523961867,4.970949165719e-07,1.60064563136152e-05,6.30356067805203
"130","chr11",127203,131470,130,"-",4,"259,135,1802,4","0,310,2368,4263",24110.4033,10231.47404,24579.63033,10892.22186,"ENSG00000230724.9",0.214231597860611,0.000687418979430753,0.00597164695672536,3.16277848129356
"131","chr11",566831,568457,131,"-",2,"1022,127","0,1499",4509.90105,1422.60087,7305.87892,1841.49075,"ENSG00000247095.5",0.615637447287437,8.28012054200933e-05,0.00114695206796032,4.08196334070927
"132","chr11",566056,566206,132,"-",1,"150","0",57.59771,120.5594,137.68932,117.54196,"ENSG00000247095.5",1.56232265433589,0.034937294668536,0.124078774447815,1.45671072717262
"133","chr11",858454,859684,133,"-",2,"237,138","0,1092",639.33463,876.06494,529.89527,525.02077,"ENSG00000250397.2",0.720767139232983,0.0135924234659897,0.0694291516157295,1.8667031036742
"134","chr11",856904,856929,134,"-",1,"25","0",97.91611,265.23067,62.58606,70.52518,"ENSG00000250397.2",1.64251642599993,0.0275435640950155,0.106365063063118,1.55997986340197
"135","chr11",319524,324169,135,"+",2,"91,59","0,4586",460.78172,868.02765,438.10239,564.20142,"ENSG00000251661.3",0.931161412483768,0.00239104889231112,0.0167373422461778,2.62141154331382
"136","chr11",324319,325619,136,"+",1,"1300","0",12256.79365,2644.26941,6629.94951,1598.57069,"ENSG00000251661.3",0.318962328557211,0.0200604367190891,0.0888916599570644,1.6976596165486
"137","chr11",113166,125750,137,"-",3,"8,169,173","0,8091,12411",1641.53486,892.13953,1389.41044,681.74338,"ENSG00000254468.3",0.606231508878018,0.0105703461513221,0.0586836458745812,1.97591079044588
"138","chr11",203897,205470,138,"+",2,"173,126","0,1447",4331.34813,3343.5139,3050.02712,2405.69217,"ENSG00000254559.1",0.32469126393822,0.0138312945773452,0.0695887008422681,1.8591371690241
"139","chr11",557769,557819,139,"+",1,"50","0",190.07246,401.86465,116.8273,94.03357,"ENSG00000254815.6",1.66652207641707,0.00500042806685021,0.0322027567505154,2.30099281584132
"140","chr11",559669,560107,140,"+",2,"14,329","0,109",835.16686,876.06494,1068.13535,736.5963,"ENSG00000254815.6",0.929972202828205,0.000229557857944789,0.00263991536636507,3.63910783640416
"141","chr11",288764,288952,141,"+",2,"47,3","0,185",161.2736,88.41022,776.06709,1575.0623,"ENSG00000255026.1",-1.4545952338852,0.00644467793498939,0.0389097430324985,2.19079878111148
"142","chr11",665909,678391,142,"+",3,"581,262,69","0,8088,12413",5874.96688,1382.4144,1581.34101,1050.04153,"ENSG00000255158.1",-1.01103330332539,6.98955416066029e-08,3.06904969054447e-06,7.15555052550472
"143","chr11",778140,778215,143,"+",1,"75","0",63.35749,208.96962,125.17211,141.05035,"ENSG00000255284.4",1.85460998872792,0.00592974581614708,0.0365174302752603,2.22696392265777
"144","chr11",784604,785229,144,"+",1,"625","0",1756.73029,659.05803,1197.47987,376.13428,"ENSG00000255284.4",0.723317036139829,0.0119578265713095,0.0656321617493462,1.92234774960039
"145","chr11",709013,727040,145,"-",2,"10,65","0,17962",552.93806,1020.73622,675.9294,807.12148,"ENSG00000269915.1",0.88234415525097,0.000938085798570843,0.00755159067849529,3.02775743865525
"146","chr11",124636,124686,146,"+",1,"50","0",5.75977,40.18647,33.37923,7.83613,"ENSG00000270921.1",3.75737097358593,0.00735148266993266,NA,2.13362506221751
"147","chr11",124711,124786,147,"+",1,"75","0",63.35749,128.59669,112.6549,78.36131,"ENSG00000270921.1",1.84004537118322,0.0179531691699131,0.0825845781816,1.74585887680608
"148","chr11",125407,125857,148,"+",1,"450","0",1330.50721,940.36329,1235.0315,752.26856,"ENSG00000270921.1",0.471774145122453,0.0452473355515884,0.153904669517023,1.34440698970324
"149","chr11",780141,780755,149,"+",1,"614","0",2171.43384,707.28179,2707.89002,752.26856,"ENSG00000279672.2",0.520046160892433,0.025308265264479,0.101865767689528,1.59673762220184
"150","chr11",1467300,1467325,150,"-",1,"25","0",0,8.03729,29.20683,0,"ENSG00000285581.1",2.97125006260451,0.0442020614613533,NA,1.35455747589042
"151","chr11",518090,518134,151,"+",1,"44","0",109.43566,16.07459,4.1724,15.67226,"ENSG00000288033.1",-3.46788973228104,0.0164214709058265,0.0777604945834725,1.78458794480042
"152","chr11",798335,799185,152,"+",1,"850","0",1272.90949,377.75277,980.51487,556.36529,"ENSG00000288675.1",-0.67519493351694,0.0259089388070859,0.102667572220121,1.58655037472799
"153","chr11",269129,269454,153,"-",1,"325","0",92.15634,160.74586,166.89615,70.52518,"ENSG00000293500.1",2.56083870913091,0.000370879651164499,0.00373197648984277,3.43076699419742
